,place,medium,large,control,zhvi_2312,treatment,pop_19,pop_growth,under_eighteen_2022,white_2022,black_2022,hisp_2022,race_other_2022,median_income_2022,pct_renter_2022,bach_edu_2022,one_unit_bldgs,one_unit_units,two_unit_bldgs,two_unit_units,three_unit_bldgs,three_unit_units,five_unit_bldgs,five_unit_units,one_unit_bldgs_21,two_unit_bldgs_21,three_unit_bldgs_21,five_unit_bldgs_21,one_unit_bldgs_20,two_unit_bldgs_20,three_unit_bldgs_20,five_unit_bldgs_20,large21
0,Beaverton,0,1,0,529628.309330871,Large,98255,1.0292527723720384,20.0,60.6,2.6,17.4,19.4,111656.0,49.735371949426636,48.3,3.063457330415755,3.063457330415755,0.0,0.0,0.0,0.0,0.01017759910437128,0.2951503740267671,1.1195359014808408,0.0,0.0,0.0,1.3230878835682662,0.0,0.0,0.18319678387868302,0
1,Bend,0,1,0,712134.2979990771,Large,91385,2.1204355254394347,20.8,83.4,0.4,9.0,7.199999999999996,105957.0,38.75827382505753,48.4,6.773540515401871,6.773540515401871,0.5033648848279257,1.0067297696558515,0.03282814466269081,0.12036986376319965,0.2407397275263993,9.760901679706734,8.174208021010012,0.3173387317393445,0.0,0.25168244241396287,7.13465010669147,0.634677463478689,0.0,0.06565628932538162,1
2,Medford,0,1,0,386517.88928693096,Large,81465,0.9609970066091699,22.6,74.8,0.9,16.6,7.700000000000003,80396.0,45.27207196647816,28.4,3.9526176885779165,3.9526176885779165,0.049100840851899585,0.09820168170379917,0.03682563063892469,0.14730252255569876,0.46645798809304606,5.9657521635058,3.903516847726017,0.08592647149082427,0.0,0.049100840851899585,3.2529307064383475,0.024550420425949793,0.0,0.024550420425949793,0
3,Springfield,0,1,0,393007.39871620666,Large,61355,0.36086570373486654,21.2,76.1,0.8,13.6,9.500000000000005,67580.0,46.04816486281401,20.7,3.357509575421726,3.357509575421726,0.03259718034390025,0.0651943606878005,0.0,0.0,0.0,0.0,3.7975715100643797,0.04889577051585038,0.0,0.016298590171950126,1.4668731154755115,0.016298590171950126,0.016298590171950126,0.19558308206340153,0
4,Corvallis,0,1,0,520350.13671101537,Large,58885,0.9028032806953116,13.0,74.4,1.6,8.7,15.299999999999994,101333.0,58.95129533678757,60.4,1.1717754946081345,1.1717754946081345,0.10189352127027257,0.20378704254054514,0.016982253545045428,0.06792901418018171,0.20378704254054514,4.3814214146217205,2.4454445104865417,0.016982253545045428,0.050946760635136285,0.0,0.9000594378874077,0.0,0.0,0.033964507090090856,0
5,Tigard,0,1,0,600224.2986608838,Large,53450,1.238418705667614,20.2,70.4,1.2,11.8,16.599999999999994,125216.0,37.84180992250824,47.9,5.781103835360149,5.781103835360149,0.0,0.0,0.0,0.0,0.07483629560336763,5.088868101028999,3.9850327408793262,0.0,0.0,0.037418147801683815,2.5070159027128156,0.0,0.0,0.07483629560336763,0
6,Albany,0,1,0,408021.1375796157,Large,54120,0.8378870673952641,25.1,78.1,0.5,14.1,7.300000000000006,83786.0,39.81567678272202,28.4,1.4966740576496675,1.4966740576496675,0.05543237250554324,0.11086474501108648,0.018477457501847747,0.07390983000739099,0.0,0.0,2.032520325203252,0.0,0.0,0.0,3.4737620103473765,0.018477457501847747,0.018477457501847747,0.07390983000739099,1
7,Oregon City,0,1,0,579627.3945547427,Large,35570,1.2415134309180254,21.9,87.7,0.6,4.9,6.799999999999997,106291.0,34.71960585422403,30.2,2.2771998875456845,2.2771998875456845,0.0,0.0,0.028113578858588697,0.11245431543435479,0.11245431543435479,6.438009558616812,1.4337925217880236,0.0,0.0843407365757661,0.0,2.417767781838628,0.0,0.0,0.0,0
8,Milwaukie,0,1,0,494109.8498668361,Large,20535,0.13416570834017852,18.1,78.2,1.2,10.1,10.499999999999998,102839.0,41.417187163471894,38.3,0.9252495738982225,0.9252495738982225,0.09739469198928659,0.19478938397857318,0.0,0.0,0.0,0.0,1.8018018018018018,0.0,0.0,0.2921840759678597,1.8991964937910883,0.0,0.0,0.0,0
9,Lake Oswego,0,1,0,861562.7377579291,Large,39115,0.7573481890093485,22.7,78.3,1.1,4.8,15.8,166154.0,29.89368730854706,73.0,0.5368784353828454,0.5368784353828454,0.0,0.0,0.07669691934040648,0.30678767736162593,0.0,0.0,1.2015850696663684,0.0,0.0,0.0,1.6362009459286717,0.0,0.0,0.0,0
10,Redmond,0,1,0,496425.69888415793,Large,30600,1.8536172015676307,22.8,82.3,0.1,13.4,4.200000000000001,82526.0,35.76199616122841,24.8,9.869281045751633,9.869281045751633,0.19607843137254902,0.39215686274509803,0.0,0.0,0.19607843137254902,3.1372549019607843,14.967320261437909,0.5882352941176471,0.19607843137254902,0.45751633986928103,18.00653594771242,0.032679738562091505,0.13071895424836602,0.32679738562091504,0
11,McMinnville,0,1,0,461078.52755312057,Large,33930,0.5824372759856631,22.2,72.1,0.4,18.5,9.000000000000007,85955.0,38.45736013036393,26.7,3.919834954317713,3.919834954317713,0.0,0.0,0.0,0.0,0.0,0.0,4.21455938697318,0.0,0.0,0.0,4.12614205717654,0.29472443265546716,0.0,0.0,0
12,Keizer,0,1,0,429369.3238437486,Large,38580,0.6107009388387568,24.9,67.6,0.8,24.3,7.300000000000004,89069.0,36.76460176991151,25.8,0.4924831518921721,0.4924831518921721,0.38880248833592534,0.7776049766718507,0.05184033177812338,0.18144116122343185,0.18144116122343185,1.944012441679627,0.6480041472265423,0.07776049766718507,0.0,0.07776049766718507,0.673924313115604,0.0,0.0,0.07776049766718507,0
13,Happy Valley,0,1,0,673860.8418582388,Large,21700,5.98896769109535,27.5,65.0,0.9,6.1,28.0,139850.0,16.642120765832107,48.6,9.493087557603687,9.493087557603687,0.0,0.0,0.0,0.0,0.0,0.0,17.557603686635947,0.0,0.0,0.0,20.414746543778804,0.0,0.0,0.1382488479262673,0
14,Woodburn,0,1,0,402967.705514706,Large,25135,0.48439554356099923,26.1,34.2,0.5,61.2,4.099999999999994,71098.0,33.92917750876796,15.1,3.1828128108215634,3.1828128108215634,0.0,0.0,0.0,0.0,1.1537696439228167,15.158146011537696,10.383926795305351,0.0,0.0,0.6763477222995822,3.6602347324447977,0.0,0.0,0.0,0
15,Lebanon,1,0,0,373055.03547915054,Medium,17135,1.1522633744855968,21.4,84.3,0.1,9.6,6.0000000000000036,61770.0,47.34513274336283,20.2,2.042602859644003,2.042602859644003,0.9921213889699445,1.984242777939889,0.05836008170411438,0.17508024511234313,0.11672016340822876,1.1672016340822875,3.1514444120221765,0.35016049022468626,0.0,0.7003209804493725,1.8091625328275458,0.758681062153487,0.17508024511234313,0.9337613072658301,0
16,Hermiston,1,0,0,326133.67175284843,Medium,18415,1.0717475439118784,29.7,41.5,1.3,52.2,5.0,76327.0,38.772706457029464,16.5,3.746945424925333,3.746945424925333,0.21721422753190334,0.4344284550638067,0.0,0.0,0.0,0.0,6.13630192777627,0.0,0.0,0.0,4.778713005701873,0.0,0.0,0.0,0
17,West Linn,0,1,0,742458.7656067718,Large,25905,0.3335542301745085,25.0,81.1,0.8,7.9,10.200000000000005,159344.0,16.636690647482013,63.1,0.6176413819725921,0.6176413819725921,0.0,0.0,0.0,0.0,0.0,0.0,1.4282956958116193,0.0,0.0,0.0,0.8492569002123141,0.0,0.0,0.0,0
18,Newberg,1,0,0,510833.36639149423,Medium,24045,0.9724106739032112,22.6,73.5,0.8,16.4,9.3,104399.0,36.60152008686211,38.2,4.158868787689748,4.158868787689748,0.0,0.0,0.0,0.0,0.041588687876897484,0.24953212726138488,4.782699105843211,0.5822416302765647,0.0,0.08317737575379497,2.4121438968600537,0.041588687876897484,0.0,0.0,0
19,Central Point,1,0,0,393019.5414495692,Medium,18365,0.7629392558109462,21.3,77.6,0.5,14.7,7.200000000000006,90482.0,31.228876571583076,22.3,0.6534168254832563,0.6534168254832563,0.0,0.0,0.0,0.0,0.16335420637081408,3.648243942281514,3.267084127416281,0.0,0.0,0.27225701061802343,2.6681187040566297,0.0,0.0,0.27225701061802343,0
20,Forest Grove,0,1,0,504571.2894463724,Large,25180,2.1296734500709893,23.8,63.4,1.0,29.4,6.200000000000003,101408.0,37.756783477974295,33.4,2.3034154090548054,2.3034154090548054,0.07942811755361398,0.15885623510722796,0.0,0.0,0.0,0.0,5.281969817315329,0.3574265289912629,0.0,0.5162827640984908,3.534551231135822,0.0,0.0,0.0,0
21,Sherwood,0,1,0,622735.2699959981,Large,19595,0.8483627818975251,28.9,80.6,0.0,7.2,12.200000000000006,126723.0,25.845658222287305,49.6,3.4192396019392706,3.4192396019392706,0.05103342689461598,0.10206685378923196,0.10206685378923196,0.4082674151569278,0.0,0.0,1.0717019647869355,0.0,0.0,0.0,1.8372033682061752,0.0,0.0,0.0,0
22,Tualatin,0,1,0,628966.4968835028,Large,27135,0.45834399249594954,22.6,66.0,1.0,21.0,12.0,124238.0,44.94454120451004,45.8,2.61654689515386,2.61654689515386,0.0,0.0,0.0,0.0,0.07370554634236226,4.274921687857011,0.14741109268472452,0.0,0.0,0.18426386585590565,0.0,0.0,0.0,0.0,1
23,Ashland,1,0,0,532362.9545210432,Medium,20960,0.47828370794282715,13.1,81.6,0.7,10.1,7.600000000000007,108403.0,47.16403162055336,62.4,1.4312977099236641,1.4312977099236641,0.0,0.0,0.047709923664122134,0.19083969465648853,0.4293893129770992,3.3396946564885495,2.6240458015267176,0.0,0.09541984732824427,0.047709923664122134,1.6221374045801527,0.0,0.33396946564885494,0.1431297709923664,0
24,Wilsonville,0,1,0,629643.155272652,Large,25635,3.4770237587138997,18.4,71.8,1.8,14.2,12.200000000000003,112848.0,49.36875824382891,46.2,4.486054222742344,4.486054222742344,0.0,0.0,0.0,0.0,0.0,0.0,4.564072557050907,0.0,0.0,0.0,3.1987517066510627,0.0,0.0,0.0,1
25,Coos Bay,1,0,0,318630.8796950769,Medium,16700,0.5078967508522925,18.5,82.3,0.7,9.0,8.000000000000004,79327.0,39.906297368058425,20.2,0.8982035928143713,0.8982035928143713,0.0,0.0,0.0,0.0,0.0,0.0,1.3173652694610778,0.0,0.0,0.0,1.5568862275449102,0.0,0.0,0.0,0
26,Dallas,1,0,0,443955.6408668644,Medium,16260,1.2717995582971593,20.4,81.7,1.3,8.6,8.399999999999997,86364.0,30.99273607748184,23.8,7.195571955719556,7.195571955719556,0.0,0.0,0.0,0.0,0.12300123001230011,0.9840098400984009,8.610086100861007,0.061500615006150054,0.0,0.12300123001230011,8.056580565805657,0.0,0.0,0.0,0
27,Troutdale,0,1,0,465782.95613430726,Large,16185,0.14253928521763315,28.1,69.3,1.8,16.6,12.3,94671.0,30.892240596038523,24.2,0.9885696632684585,0.9885696632684585,0.0,0.0,0.0,0.0,0.0,0.0,3.5835650293481622,0.0,0.0,0.0,0.5560704355885079,0.0,0.0,0.0,0
28,Pendleton,1,0,0,276739.12408445013,Medium,17020,0.277694134966041,24.1,78.6,1.3,11.9,8.200000000000005,83052.0,45.47899159663866,22.6,1.1163337250293772,1.1163337250293772,0.05875440658049354,0.11750881316098707,0.0,0.0,0.0,0.0,2.1739130434782608,0.05875440658049354,0.0,0.4112808460634548,1.2338425381903644,0.17626321974148063,0.0,0.17626321974148063,0
29,Hood River,0,0,1,672341.6602901459,Control,8305,1.7409470752089136,22.2,66.8,1.5,24.2,7.5000000000000036,97589.0,47.69230769230769,42.9,1.2040939193257074,1.2040939193257074,0.12040939193257075,0.2408187838651415,0.0,0.0,0.0,0.0,2.408187838651415,0.2408187838651415,0.0,0.0,3.0102347983142685,0.6020469596628537,0.0,0.0,0
30,Sandy,1,0,0,496216.1828722651,Medium,11075,1.6341561654870822,23.3,84.5,0.1,6.2,9.2,107654.0,23.34169136083884,21.8,1.6252821670428894,1.6252821670428894,0.4514672686230249,0.9029345372460498,0.0,0.0,0.0,0.0,5.327313769751694,0.09029345372460497,0.0,0.5417607223476298,7.313769751693003,0.18058690744920994,0.0,0.0,0
31,Cottage Grove,1,0,0,380071.2512481432,Medium,10140,0.4980250729864331,21.3,78.3,0.9,10.2,10.600000000000005,67326.0,40.57007125890736,20.2,0.6903353057199211,0.6903353057199211,0.0,0.0,0.0,0.0,0.09861932938856015,1.1834319526627217,2.662721893491124,0.09861932938856015,0.09861932938856015,1.0848126232741617,1.8737672583826428,0.1972386587771203,0.09861932938856015,0.0,0
32,Astoria,0,0,1,465424.4556473199,Control,9690,0.25212547639988275,20.1,77.6,0.8,13.3,8.300000000000004,88268.0,48.07692307692308,31.7,0.412796697626419,0.412796697626419,0.10319917440660475,0.2063983488132095,0.0,0.0,0.0,0.0,0.10319917440660475,0.0,0.0,0.0,0.5159958720330238,0.0,0.0,0.0,0
33,Ontario,1,0,0,276916.33281353605,Medium,11485,0.1173192550227306,26.3,49.5,0.2,46.9,3.3999999999999986,56795.0,47.46376811594203,16.7,0.957771005659556,0.957771005659556,0.0,0.0,0.0,0.0,0.0,0.0,1.1319111885067479,0.0,0.0,0.0,0.261210274270788,0.0,0.0,0.0,0
34,Silverton,1,0,0,513275.5660476312,Medium,10380,1.3843746238112435,27.8,77.8,3.4,12.0,6.800000000000004,89433.0,39.889994761655316,28.4,1.0597302504816954,1.0597302504816954,0.19267822736030826,0.3853564547206165,0.0,0.0,0.0,0.0,2.5048169556840074,0.0,0.0,0.0,5.684007707129094,0.0,0.09633911368015413,0.0,0
35,Eagle Point,0,0,1,443976.9348177129,Control,9260,1.0363373999737635,29.2,85.6,1.5,10.1,2.800000000000006,70332.0,29.024045261669023,16.9,3.347732181425486,3.347732181425486,0.0,0.0,0.32397408207343414,0.9719222462203024,0.0,0.0,8.963282937365012,0.2159827213822894,0.1079913606911447,0.0,7.019438444924406,0.1079913606911447,0.0,0.0,0
36,Junction City,0,0,1,458565.7682193904,Control,6170,1.5142214037241661,20.4,82.6,0.0,11.8,5.600000000000005,87880.0,40.76479076479077,19.0,15.721231766612641,15.721231766612641,1.2965964343598055,2.593192868719611,0.0,0.0,0.0,0.0,0.3241491085899514,0.1620745542949757,0.0,0.0,0.3241491085899514,1.4586709886547813,0.0,2.593192868719611,0
37,Sweet Home,0,0,1,339461.7306945053,Control,9340,0.49065275448729895,21.1,87.1,1.5,6.5,4.900000000000006,60028.0,35.21162672106068,8.8,0.7494646680942184,0.7494646680942184,0.6423982869379015,1.284796573875803,0.0,0.0,0.0,0.0,2.9978586723768736,0.0,0.0,0.9635974304068523,2.355460385438972,0.0,0.0,0.4282655246252677,0
38,North Bend,0,0,1,352691.86592618265,Control,9925,0.2635952094435849,19.1,78.2,1.1,7.2,13.499999999999996,90192.0,40.86895910780669,27.8,1.0075566750629723,1.0075566750629723,0.20151133501259444,0.4030226700251889,0.0,0.0,0.0,0.0,2.2166246851385387,0.0,0.0,0.0,2.0151133501259446,0.0,0.0,0.0,0
39,Cornelius,0,1,0,464571.1499615391,Large,12225,0.32748538011695905,24.1,45.5,1.0,48.2,5.299999999999997,76530.0,26.01551802829758,14.8,6.4621676891615545,6.4621676891615545,0.0,0.0,0.0,0.0,0.0,0.0,28.139059304703476,0.081799591002045,0.24539877300613497,0.081799591002045,20.12269938650307,0.0,0.0,0.0,0
40,Monmouth,0,0,1,442938.3179510728,Control,9920,0.4365287235900122,21.8,72.5,0.6,17.7,9.2,77933.0,56.04886769964243,29.1,3.2258064516129035,3.2258064516129035,0.10080645161290323,0.20161290322580647,0.0,0.0,0.0,0.0,5.040322580645161,0.10080645161290323,0.0,0.0,0.8064516129032259,0.10080645161290323,0.0,0.10080645161290323,0
41,Scappoose,0,0,1,469176.4609439991,Control,7270,1.0725657784481313,24.8,87.0,0.1,6.6,6.300000000000001,106184.0,21.845318860244234,22.7,1.237964236588721,1.237964236588721,0.0,0.0,0.0,0.0,0.0,0.0,0.4126547455295736,0.27510316368638243,0.0,0.27510316368638243,2.2008253094910595,0.0,0.27510316368638243,0.0,0
42,Independence,0,0,1,392442.1191982511,Control,9530,1.2015503875968991,25.6,55.7,0.6,38.2,5.499999999999993,75924.0,40.691489361702125,20.8,2.833158447009444,2.833158447009444,0.41972717733473247,0.8394543546694649,0.0,0.0,0.0,0.0,6.8205666316894025,0.0,0.0,0.0,6.190975865687304,0.0,0.0,0.0,0
43,Estacada,0,0,1,523288.305124672,Control,3725,4.04965404965405,26.3,93.0,0.1,0.8,6.1000000000000005,85854.0,12.928759894459104,16.0,15.838926174496644,15.838926174496644,0.0,0.0,0.0,0.0,0.0,0.0,61.47651006711409,0.0,0.0,0.0,33.557046979865774,0.0,0.0,0.0,0
44,Creswell,0,0,1,449986.3394767658,Control,5510,1.0603048376408217,22.1,87.4,0.0,4.2,8.399999999999995,94239.0,28.12960235640648,25.1,0.0,0.0,0.0,0.0,0.0,0.0,0.18148820326678766,4.900181488203267,2.722323049001815,0.18148820326678766,0.544464609800363,0.3629764065335753,1.8148820326678767,0.0,0.0,0.0,0
45,Brookings,0,0,1,479825.67374686105,Control,6645,0.5161854768153981,12.7,80.1,1.3,9.3,9.300000000000004,82536.0,24.99217037269026,23.0,1.5048908954100828,1.5048908954100828,0.1504890895410083,0.3009781790820166,0.0,0.0,0.0,0.0,3.0097817908201656,0.0,0.0,0.0,2.558314522197141,0.0,0.0,0.0,0
46,Stayton,0,0,1,427906.8183326709,Control,7870,0.3270111183780249,26.7,75.4,0.0,16.9,7.699999999999996,82895.0,37.89983844911147,22.3,0.6353240152477764,0.6353240152477764,1.1435832274459974,2.2871664548919948,0.12706480304955528,0.5082592121982211,1.1435832274459974,12.198221092757306,6.353240152477763,0.0,0.0,0.0,1.5247776365946633,0.0,0.0,0.0,0
47,Newport,1,0,0,461315.4512751344,Medium,10285,0.2824858757062147,16.4,76.4,0.5,16.0,7.099999999999994,78505.0,38.45308723357504,30.2,3.4030140982012638,3.4030140982012638,0.09722897423432182,0.19445794846864364,0.0,0.0,0.09722897423432182,0.583373845405931,0.7778317938745746,0.2916869227029655,0.0,0.0,0.9722897423432183,0.2916869227029655,0.0,0.48614487117160915,0
48,La Grande,1,0,0,266413.5367079734,Medium,13290,0.16545755377370497,22.9,84.7,1.0,6.3,7.999999999999997,65928.0,46.84770224078997,22.9,1.2039127163280663,1.2039127163280663,0.1504890895410083,0.3009781790820166,0.0,0.0,0.0,0.0,1.9563581640331078,0.0,0.0,0.8276899924755455,1.1286681715575622,0.3009781790820166,0.0,0.0,0
49,Veneta,0,0,1,417437.00282597175,Control,4800,0.5719849093343069,23.6,75.6,0.0,9.9,14.500000000000005,61979.0,19.98179335457442,17.3,1.875,1.875,0.20833333333333334,0.4166666666666667,0.0,0.0,0.0,0.0,0.8333333333333334,0.0,0.0,0.0,2.0833333333333335,0.0,0.0,0.0,0
50,Lincoln City,0,0,1,497954.1092308735,Control,8795,1.2042288034726598,16.3,78.6,0.2,10.1,11.100000000000007,67448.0,40.10720111862037,28.1,5.79874928936896,5.79874928936896,0.2274019329164298,0.4548038658328596,0.0,0.0,0.1137009664582149,1.023308698123934,6.02615122228539,0.0,0.0,0.0,4.206935758953951,0.1137009664582149,0.0,0.34110289937464466,0
51,Florence,0,0,1,409180.48186217,Control,8850,0.5053488219465774,14.0,88.6,1.6,5.1,4.700000000000006,68076.0,34.74075694596368,25.1,1.92090395480226,1.92090395480226,0.0,0.0,0.0,0.0,0.4519774011299435,2.7118644067796613,3.615819209039548,0.0,0.0,0.0,6.327683615819209,0.0,0.0,0.0,0
52,Philomath,0,0,1,481788.0038416349,Control,4900,0.7504236262406198,18.1,88.5,0.0,3.7,7.8,89730.0,32.53863134657836,43.6,4.693877551020408,4.693877551020408,0.2040816326530612,0.4081632653061224,0.0,0.0,0.0,0.0,6.326530612244897,0.0,0.2040816326530612,0.0,21.020408163265305,0.0,0.2040816326530612,0.0,0
53,Sisters,0,0,1,790293.7754233318,Control,2985,5.147058823529412,17.7,90.6,0.0,4.1,5.300000000000006,98726.0,22.263588979895754,42.9,0.0,0.0,0.0,0.0,0.0,0.0,0.0,0.0,0.0,0.0,0.0,0.0,0.0,0.0,0.0,0.0,0
54,Dayton,0,0,1,488863.61912553984,Control,2740,0.898531667762437,25.1,58.3,0.0,40.7,1.0,75110.0,20.914127423822716,22.7,0.7299270072992701,0.7299270072992701,0.0,0.0,0.0,0.0,0.0,0.0,3.64963503649635,0.0,0.0,0.0,2.9197080291970803,0.0,0.0,0.0,0
55,Clatskanie,0,0,1,370517.72884711134,Control,1775,0.25616394492475186,23.4,87.3,3.3,6.1,3.3000000000000025,77250.0,24.137931034482758,14.4,1.1267605633802817,1.1267605633802817,0.0,0.0,0.0,0.0,0.0,0.0,3.943661971830986,0.0,0.0,0.0,3.943661971830986,0.0,0.0,0.0,0
56,Talent,0,0,1,411811.3700971723,Control,6465,0.7230459454512173,19.0,75.3,0.0,14.9,9.800000000000002,79157.0,45.938173975557156,44.9,5.104408352668213,5.104408352668213,0.30935808197989173,0.6187161639597835,0.15467904098994587,0.6187161639597835,0.0,0.0,4.640371229698376,0.0,0.0,0.15467904098994587,4.176334106728539,0.0,0.0,0.9280742459396752,0
57,Jacksonville,0,0,1,570868.6088249247,Control,3015,0.9176142030720128,9.9,93.8,0.2,4.4,1.6000000000000023,116250.0,37.691794529686454,43.1,2.6533996683250414,2.6533996683250414,0.0,0.0,0.0,0.0,0.0,0.0,2.6533996683250414,0.0,0.0,0.0,0.0,0.0,0.0,0.0,0
58,Reedsport,0,0,1,305410.89107194083,Control,4215,0.17402945113788487,19.6,92.1,0.1,2.8,5.000000000000006,60156.0,33.90535621424857,10.7,1.4234875444839858,1.4234875444839858,0.0,0.0,0.0,0.0,0.0,0.0,1.1862396204033214,0.0,0.0,0.0,0.7117437722419929,0.0,0.0,0.0,0
59,Toledo,0,0,1,339469.02769825194,Control,3490,0.06404098623118797,23.0,80.1,0.0,13.0,6.900000000000006,75541.0,48.19672131147541,28.4,1.4326647564469912,1.4326647564469912,0.0,0.0,0.0,0.0,0.0,0.0,1.146131805157593,0.0,0.0,0.0,0.8595988538681948,0.0,0.0,0.0,0
60,Harrisburg,0,0,1,390893.049160627,Control,3680,0.35842293906810035,31.2,86.0,0.2,7.8,6.000000000000001,59792.0,24.075531077891423,10.8,0.0,0.0,0.0,0.0,0.0,0.0,0.2717391304347826,1.358695652173913,1.6304347826086956,0.0,0.0,0.2717391304347826,1.0869565217391304,0.0,0.0,0.5434782608695652,0
61,Warrenton,0,0,1,482994.3394391853,Control,5320,0.7111111111111111,23.3,77.9,0.6,8.8,12.699999999999992,78714.0,38.00675675675676,19.2,1.1278195488721805,1.1278195488721805,0.7518796992481203,1.5037593984962405,0.18796992481203006,0.5639097744360902,0.5639097744360902,6.015037593984962,0.7518796992481203,0.0,0.0,0.0,3.9473684210526314,1.3157894736842104,0.0,0.0,0
62,Rogue River,0,0,1,435759.4456606903,Control,2235,0.5204267499349466,17.3,84.4,0.0,6.0,9.599999999999994,65284.0,43.0722891566265,16.7,3.131991051454139,3.131991051454139,0.0,0.0,0.0,0.0,0.0,0.0,2.684563758389262,0.0,0.0,0.0,0.894854586129754,0.0,0.0,0.0,0
63,Baker City,0,0,1,236562.45403327863,Control,9965,0.1525940996948118,20.8,89.4,1.7,5.3,3.599999999999995,65911.0,28.110273327049953,25.5,3.010536879076769,3.010536879076769,0.20070245860511793,0.40140491721023586,0.20070245860511793,0.8028098344204717,0.0,0.0,5.920722528850979,0.0,0.0,0.0,2.7094831911690918,0.0,0.0,0.0,0
64,Umatilla,0,0,1,269887.7949582163,Control,7470,0.9091640518143053,19.8,56.8,1.4,36.6,5.200000000000003,71174.0,31.100244498777506,12.3,12.449799196787149,12.449799196787149,0.0,0.0,0.0,0.0,0.0,0.0,8.032128514056225,0.0,0.0,0.0,9.63855421686747,0.0,0.0,0.0,0
65,Phoenix,0,0,1,367356.2891562469,Control,4650,0.2692119432207538,11.1,79.4,0.9,10.4,9.299999999999995,60291.0,33.10526315789474,27.1,9.677419354838708,9.677419354838708,0.0,0.0,0.8602150537634408,2.5806451612903225,1.9354838709677418,9.677419354838708,3.6559139784946235,0.0,0.0,0.0,4.946236559139785,0.0,0.0,0.0,0
66,Dundee,0,0,1,565362.5961884652,Control,3235,0.2278303540133193,28.0,75.9,0.1,17.4,6.599999999999994,123523.0,10.555555555555555,35.6,0.6182380216383307,0.6182380216383307,0.0,0.0,0.0,0.0,0.0,0.0,0.3091190108191654,0.0,0.0,0.0,0.6182380216383307,0.0,0.0,0.0,0
67,Seaside,0,0,1,476720.9344020432,Control,6585,0.2149982800137599,14.1,87.7,2.6,8.2,1.4999999999999982,77634.0,54.25,25.1,2.126044039483675,2.126044039483675,0.0,0.0,0.0,0.0,0.0,0.0,5.770690964312832,0.0,0.0,0.0,4.25208807896735,0.0,0.30372057706909644,0.0,0
68,Wood Village,0,1,0,392489.5571911305,Large,4060,0.5304659498207885,31.1,37.9,0.7,49.3,12.100000000000001,69375.0,35.32889874353289,15.7,0.0,0.0,0.0,0.0,0.0,0.0,0.0,0.0,0.24630541871921185,0.0,0.0,0.0,0.4926108374384237,0.0,0.0,1.9704433497536948,0
69,Boardman,0,0,1,330697.8075363736,Control,4505,4.434092477570738,33.1,28.7,1.3,67.5,2.5,66131.0,46.73815907059875,8.6,6.659267480577137,6.659267480577137,0.0,0.0,0.8879023307436182,3.1076581576026636,0.0,0.0,6.437291897891232,0.4439511653718091,0.0,0.0,5.993340732519423,0.0,0.0,0.0,0
70,Waldport,0,0,1,441964.6325271186,Control,2110,0.4095004095004095,8.3,87.6,0.0,6.1,6.300000000000006,59913.0,32.514177693761816,21.6,2.3696682464454977,2.3696682464454977,0.0,0.0,0.0,0.0,0.0,0.0,4.265402843601896,0.0,0.0,0.0,1.8957345971563981,0.0,0.0,0.0,0
71,Oakridge,0,0,1,263797.90898250445,Control,3305,0.34668053388802217,21.4,94.0,0.0,3.5,2.5,46602.0,35.543403964456594,13.4,3.328290468986384,3.328290468986384,0.0,0.0,0.0,0.0,0.0,0.0,2.723146747352496,0.0,0.0,0.0,1.8154311649016641,0.0,0.0,0.0,0
72,Irrigon,0,0,1,288548.1333096057,Control,2030,1.248097412480974,27.7,56.7,1.1,36.0,6.199999999999996,71875.0,22.37237237237237,7.4,4.433497536945813,4.433497536945813,1.4778325123152711,2.9556650246305423,0.0,0.0,0.0,0.0,5.9113300492610845,0.4926108374384237,0.0,0.0,0.9852216748768474,0.0,0.0,0.0,0
73,Lyons,0,0,1,473450.5753826877,Control,1200,0.3831417624521073,15.4,89.4,0.1,4.0,6.499999999999995,103625.0,13.976377952755906,15.7,3.3333333333333335,3.3333333333333335,0.0,0.0,0.0,0.0,0.0,0.0,2.5,0.0,0.0,0.0,1.6666666666666667,0.0,0.0,0.0,0
74,King City,0,1,0,441926.0571398797,Large,4190,3.834492598537542,11.9,79.8,2.9,8.1,9.200000000000005,94536.0,21.476261127596437,34.7,0.0,0.0,0.0,0.0,0.0,0.0,0.0,0.0,0.0,0.0,0.0,0.0,0.0,0.0,0.0,0.0,1
75,Vernonia,0,0,1,353840.86025088513,Control,2095,-0.30935808197989173,22.1,90.4,0.0,5.6,3.9999999999999947,88750.0,22.3463687150838,13.0,0.0,0.0,0.0,0.0,0.0,0.0,0.0,0.0,4.77326968973747,0.0,0.0,0.0,6.20525059665871,0.0,0.0,0.0,0
76,Brownsville,0,0,1,421474.1149491917,Control,1720,0.33266799733865604,21.5,90.0,0.0,3.4,6.6,91563.0,19.50904392764858,25.2,1.744186046511628,1.744186046511628,0.0,0.0,0.0,0.0,0.0,0.0,38.372093023255815,0.0,0.0,0.0,2.9069767441860463,0.5813953488372093,0.0,0.0,0
77,Siletz,0,0,1,399220.43862277473,Control,1235,0.2295684113865932,18.3,70.6,0.0,5.6,23.800000000000004,92000.0,19.700748129675812,14.8,0.0,0.0,0.0,0.0,0.0,0.0,0.0,0.0,0.8097165991902834,0.0,0.0,0.0,0.0,0.0,0.0,0.0,0
78,Tangent,0,0,1,466491.9726840418,Control,1260,0.9060562708631378,19.9,84.1,0.0,12.5,3.4000000000000057,88393.0,29.525862068965516,23.2,0.0,0.0,0.0,0.0,0.0,0.0,0.0,0.0,0.0,0.0,0.0,0.0,0.0,0.0,0.0,0.0,0
79,Lafayette,0,0,1,423190.1251984175,Control,4125,1.1437908496732025,24.7,67.5,0.0,26.6,5.899999999999999,95292.0,11.11111111111111,18.1,4.606060606060606,4.606060606060606,0.0,0.0,0.0,0.0,0.0,0.0,3.1515151515151514,0.0,0.0,0.0,0.48484848484848486,0.48484848484848486,0.0,0.0,0
80,Mill City,0,0,1,333602.20647230383,Control,1880,0.1497454327643007,29.2,81.0,1.0,5.1,12.9,76295.0,25.963149078726968,10.2,2.6595744680851063,2.6595744680851063,0.0,0.0,0.0,0.0,0.0,0.0,3.7234042553191493,0.0,0.0,0.0,1.595744680851064,0.0,0.0,0.0,0
81,Depoe Bay,0,0,1,580155.9930604951,Control,1445,0.35714285714285715,9.5,92.9,0.0,5.1,1.9999999999999947,92625.0,27.83203125,35.5,4.1522491349480966,4.1522491349480966,0.0,0.0,0.0,0.0,0.0,0.0,6.920415224913494,0.0,0.0,0.0,2.0761245674740483,0.0,0.0,0.0,0
82,Lakeside,0,0,1,302775.1906935082,Control,1750,0.3605375286791216,11.9,88.8,0.0,2.8,8.400000000000002,70962.0,18.833535844471445,12.3,0.0,0.0,0.0,0.0,0.0,0.0,0.0,0.0,1.1428571428571428,0.0,0.0,0.0,2.857142857142857,0.0,0.0,0.0,0
83,Columbia City,0,0,1,457747.5453968174,Control,1985,0.22850614110254214,22.7,88.1,2.5,5.5,3.9000000000000057,106518.0,11.304347826086957,23.3,0.0,0.0,0.0,0.0,0.0,0.0,0.0,0.0,0.0,0.0,0.0,0.0,1.0075566750629723,0.0,0.0,0.0,0
84,Lowell,0,0,1,420690.4608413458,Control,1090,0.4784688995215311,20.1,93.6,0.0,2.0,4.400000000000006,78750.0,26.86868686868687,15.5,11.926605504587155,11.926605504587155,0.0,0.0,0.0,0.0,0.0,0.0,13.761467889908255,0.0,0.0,0.0,3.6697247706422016,0.0,0.0,0.0,0
85,Gearhart,0,0,1,627093.5001464953,Control,1525,0.4550625711035267,21.8,87.7,0.1,7.1,5.099999999999998,117566.0,14.035087719298245,43.3,5.901639344262295,5.901639344262295,0.0,0.0,0.6557377049180328,2.6229508196721314,0.0,0.0,18.36065573770492,0.6557377049180328,0.0,0.0,18.36065573770492,0.6557377049180328,0.0,0.0,0
86,Durham,0,1,0,727066.1738707358,Large,1885,4.346043460434604,18.3,63.2,1.0,23.0,12.799999999999997,104464.0,58.28437132784959,47.6,0.0,0.0,0.0,0.0,0.0,0.0,0.0,0.0,0.0,0.0,0.0,0.0,0.0,0.0,0.0,0.0,0
87,Millersburg,0,0,1,557404.727446415,Control,2615,10.491532424617926,28.6,89.8,0.9,4.0,5.3000000000000025,131513.0,4.627006610009443,30.9,13.384321223709367,13.384321223709367,0.0,0.0,0.0,0.0,0.0,0.0,13.0019120458891,0.0,0.0,0.0,35.56405353728489,0.0,0.0,0.0,0
88,Dunes City,0,0,1,587132.1889379646,Control,1345,0.34057045551298426,7.8,84.7,0.0,3.7,11.599999999999998,100625.0,20.25518341307815,31.2,5.947955390334573,5.947955390334573,0.0,0.0,0.0,0.0,0.0,0.0,5.947955390334573,0.0,0.0,0.0,2.9739776951672865,0.0,0.0,0.0,0
89,Coburg,0,0,1,544310.3697050255,Control,1295,2.7243589743589745,28.1,85.9,0.0,3.4,10.699999999999994,81607.0,18.51106639839034,29.9,14.671814671814673,14.671814671814673,0.0,0.0,0.0,0.0,0.0,0.0,5.405405405405405,0.0,0.0,0.0,1.5444015444015444,0.0,0.0,0.0,0
90,Cannon Beach,0,0,1,865078.2791015723,Control,1730,0.22943297279580466,13.0,63.3,0.2,30.4,6.100000000000001,110893.0,59.97045790251108,42.9,4.046242774566474,4.046242774566474,0.0,0.0,0.0,0.0,0.0,0.0,10.982658959537572,0.5780346820809249,0.0,0.0,8.092485549132949,0.0,0.0,0.0,0
