,date,place,one_unit_bldgs,one_unit_units,one_unit_value,two_unit_bldgs,two_unit_units,two_unit_value,three_unit_bldgs,three_unit_units,three_unit_value,five_unit_bldgs,five_unit_units,five_unit_value,medium,large,large21,control,pop_19,treatment,one_unit_bldgs_21,two_unit_bldgs_21,three_unit_bldgs_21,five_unit_bldgs_21,one_unit_bldgs_20,two_unit_bldgs_20,three_unit_bldgs_20,five_unit_bldgs_20,pop_growth,under_eighteen_2022,white_2022,black_2022,hisp_2022,race_other_2022,median_income_2022,pct_renter_2022,bach_edu_2022
0,2023-01-01,Albany,1.4966740576496675,1.4966740576496675,19135722,0.05543237250554324,0.11086474501108648,1484189,0.018477457501847747,0.07390983000739099,965822,0.0,0.0,0,0,1,1,0,54120,Large,2.032520325203252,0.0,0.0,0.0,3.4737620103473765,0.018477457501847747,0.018477457501847747,0.07390983000739099,0.8378870673952641,25.1,78.1,0.5,14.1,7.300000000000006,83786.0,39.81567678272202,28.4
1,2023-01-01,Ashland,1.4312977099236641,1.4312977099236641,7958919,0.0,0.0,0,0.047709923664122134,0.19083969465648853,1500000,0.4293893129770992,3.3396946564885495,6291118,1,0,0,0,20960,Medium,2.6240458015267176,0.0,0.09541984732824427,0.047709923664122134,1.6221374045801527,0.0,0.33396946564885494,0.1431297709923664,0.47828370794282715,13.1,81.6,0.7,10.1,7.600000000000007,108403.0,47.16403162055336,62.4
2,2023-01-01,Astoria,0.412796697626419,0.412796697626419,1057355,0.10319917440660475,0.2063983488132095,571928,0.0,0.0,0,0.0,0.0,0,0,0,0,1,9690,Control,0.10319917440660475,0.0,0.0,0.0,0.5159958720330238,0.0,0.0,0.0,0.25212547639988275,20.1,77.6,0.8,13.3,8.300000000000004,88268.0,48.07692307692308,31.7
3,2023-01-01,Baker City,3.010536879076769,3.010536879076769,11215315,0.20070245860511793,0.40140491721023586,632659,0.20070245860511793,0.8028098344204717,2273528,0.0,0.0,0,0,0,0,1,9965,Control,5.920722528850979,0.0,0.0,0.0,2.7094831911690918,0.0,0.0,0.0,0.1525940996948118,20.8,89.4,1.7,5.3,3.599999999999995,65911.0,28.110273327049953,25.5
4,2023-01-01,Beaverton,3.063457330415755,3.063457330415755,89131840,0.0,0.0,0,0.0,0.0,0,0.01017759910437128,0.2951503740267671,5145988,0,1,0,0,98255,Large,1.1195359014808408,0.0,0.0,0.0,1.3230878835682662,0.0,0.0,0.18319678387868302,1.0292527723720384,20.0,60.6,2.6,17.4,19.4,111656.0,49.735371949426636,48.3
5,2023-01-01,Bend,6.773540515401871,6.773540515401871,226505320,0.5033648848279257,1.0067297696558515,20339775,0.03282814466269081,0.12036986376319965,2662631,0.2407397275263993,9.760901679706734,138908197,0,1,1,0,91385,Large,8.174208021010012,0.3173387317393445,0.0,0.25168244241396287,7.13465010669147,0.634677463478689,0.0,0.06565628932538162,2.1204355254394347,20.8,83.4,0.4,9.0,7.199999999999996,105957.0,38.75827382505753,48.4
6,2023-01-01,Boardman,6.659267480577137,6.659267480577137,8783220,0.0,0.0,0,0.8879023307436182,3.1076581576026636,3164095,0.0,0.0,0,0,0,0,1,4505,Control,6.437291897891232,0.4439511653718091,0.0,0.0,5.993340732519423,0.0,0.0,0.0,4.434092477570738,33.1,28.7,1.3,67.5,2.5,66131.0,46.73815907059875,8.6
7,2023-01-01,Brookings,1.5048908954100828,1.5048908954100828,5399000,0.1504890895410083,0.3009781790820166,470000,0.0,0.0,0,0.0,0.0,0,0,0,0,1,6645,Control,3.0097817908201656,0.0,0.0,0.0,2.558314522197141,0.0,0.0,0.0,0.5161854768153981,12.7,80.1,1.3,9.3,9.300000000000004,82536.0,24.99217037269026,23.0
8,2023-01-01,Brownsville,1.744186046511628,1.744186046511628,909375,0.0,0.0,0,0.0,0.0,0,0.0,0.0,0,0,0,0,1,1720,Control,38.372093023255815,0.0,0.0,0.0,2.9069767441860463,0.5813953488372093,0.0,0.0,0.33266799733865604,21.5,90.0,0.0,3.4,6.6,91563.0,19.50904392764858,25.2
9,2023-01-01,Cannon Beach,4.046242774566474,4.046242774566474,2865926,0.0,0.0,0,0.0,0.0,0,0.0,0.0,0,0,0,0,1,1730,Control,10.982658959537572,0.5780346820809249,0.0,0.0,8.092485549132949,0.0,0.0,0.0,0.22943297279580466,13.0,63.3,0.2,30.4,6.100000000000001,110893.0,59.97045790251108,42.9
10,2023-01-01,Central Point,0.6534168254832563,0.6534168254832563,3804657,0.0,0.0,0,0.0,0.0,0,0.16335420637081408,3.648243942281514,12201252,1,0,0,0,18365,Medium,3.267084127416281,0.0,0.0,0.27225701061802343,2.6681187040566297,0.0,0.0,0.27225701061802343,0.7629392558109462,21.3,77.6,0.5,14.7,7.200000000000006,90482.0,31.228876571583076,22.3
11,2023-01-01,Clatskanie,1.1267605633802817,1.1267605633802817,685501,0.0,0.0,0,0.0,0.0,0,0.0,0.0,0,0,0,0,1,1775,Control,3.943661971830986,0.0,0.0,0.0,3.943661971830986,0.0,0.0,0.0,0.25616394492475186,23.4,87.3,3.3,6.1,3.3000000000000025,77250.0,24.137931034482758,14.4
12,2023-01-01,Coburg,14.671814671814673,14.671814671814673,6573119,0.0,0.0,0,0.0,0.0,0,0.0,0.0,0,0,0,0,1,1295,Control,5.405405405405405,0.0,0.0,0.0,1.5444015444015444,0.0,0.0,0.0,2.7243589743589745,28.1,85.9,0.0,3.4,10.699999999999994,81607.0,18.51106639839034,29.9
13,2023-01-01,Columbia City,0.0,0.0,0,0.0,0.0,0,0.0,0.0,0,0.0,0.0,0,0,0,0,1,1985,Control,0.0,0.0,0.0,0.0,1.0075566750629723,0.0,0.0,0.0,0.22850614110254214,22.7,88.1,2.5,5.5,3.9000000000000057,106518.0,11.304347826086957,23.3
14,2023-01-01,Coos Bay,0.8982035928143713,0.8982035928143713,4622958,0.0,0.0,0,0.0,0.0,0,0.0,0.0,0,1,0,0,0,16700,Medium,1.3173652694610778,0.0,0.0,0.0,1.5568862275449102,0.0,0.0,0.0,0.5078967508522925,18.5,82.3,0.7,9.0,8.000000000000004,79327.0,39.906297368058425,20.2
15,2023-01-01,Cornelius,6.4621676891615545,6.4621676891615545,24529486,0.0,0.0,0,0.0,0.0,0,0.0,0.0,0,0,1,0,0,12225,Large,28.139059304703476,0.081799591002045,0.24539877300613497,0.081799591002045,20.12269938650307,0.0,0.0,0.0,0.32748538011695905,24.1,45.5,1.0,48.2,5.299999999999997,76530.0,26.01551802829758,14.8
16,2023-01-01,Corvallis,1.1717754946081345,1.1717754946081345,22362306,0.10189352127027257,0.20378704254054514,4106051,0.016982253545045428,0.06792901418018171,917796,0.20378704254054514,4.3814214146217205,39169174,0,1,0,0,58885,Large,2.4454445104865417,0.016982253545045428,0.050946760635136285,0.0,0.9000594378874077,0.0,0.0,0.033964507090090856,0.9028032806953116,13.0,74.4,1.6,8.7,15.299999999999994,101333.0,58.95129533678757,60.4
17,2023-01-01,Cottage Grove,0.6903353057199211,0.6903353057199211,2430681,0.0,0.0,0,0.0,0.0,0,0.09861932938856015,1.1834319526627217,2064958,1,0,0,0,10140,Medium,2.662721893491124,0.09861932938856015,0.09861932938856015,1.0848126232741617,1.8737672583826428,0.1972386587771203,0.09861932938856015,0.0,0.4980250729864331,21.3,78.3,0.9,10.2,10.600000000000005,67326.0,40.57007125890736,20.2
18,2023-01-01,Creswell,0.0,0.0,0,0.0,0.0,0,0.0,0.0,0,0.18148820326678766,4.900181488203267,750000,0,0,0,1,5510,Control,2.722323049001815,0.18148820326678766,0.544464609800363,0.3629764065335753,1.8148820326678767,0.0,0.0,0.0,1.0603048376408217,22.1,87.4,0.0,4.2,8.399999999999995,94239.0,28.12960235640648,25.1
19,2023-01-01,Dallas,7.195571955719556,7.195571955719556,33597592,0.0,0.0,0,0.0,0.0,0,0.12300123001230011,0.9840098400984009,2232504,1,0,0,0,16260,Medium,8.610086100861007,0.061500615006150054,0.0,0.12300123001230011,8.056580565805657,0.0,0.0,0.0,1.2717995582971593,20.4,81.7,1.3,8.6,8.399999999999997,86364.0,30.99273607748184,23.8
20,2023-01-01,Dayton,0.7299270072992701,0.7299270072992701,522960,0.0,0.0,0,0.0,0.0,0,0.0,0.0,0,0,0,0,1,2740,Control,3.64963503649635,0.0,0.0,0.0,2.9197080291970803,0.0,0.0,0.0,0.898531667762437,25.1,58.3,0.0,40.7,1.0,75110.0,20.914127423822716,22.7
21,2023-01-01,Depoe Bay,4.1522491349480966,4.1522491349480966,2160140,0.0,0.0,0,0.0,0.0,0,0.0,0.0,0,0,0,0,1,1445,Control,6.920415224913494,0.0,0.0,0.0,2.0761245674740483,0.0,0.0,0.0,0.35714285714285715,9.5,92.9,0.0,5.1,1.9999999999999947,92625.0,27.83203125,35.5
22,2023-01-01,Dundee,0.6182380216383307,0.6182380216383307,1219947,0.0,0.0,0,0.0,0.0,0,0.0,0.0,0,0,0,0,1,3235,Control,0.3091190108191654,0.0,0.0,0.0,0.6182380216383307,0.0,0.0,0.0,0.2278303540133193,28.0,75.9,0.1,17.4,6.599999999999994,123523.0,10.555555555555555,35.6
23,2023-01-01,Dunes City,5.947955390334573,5.947955390334573,3657484,0.0,0.0,0,0.0,0.0,0,0.0,0.0,0,0,0,0,1,1345,Control,5.947955390334573,0.0,0.0,0.0,2.9739776951672865,0.0,0.0,0.0,0.34057045551298426,7.8,84.7,0.0,3.7,11.599999999999998,100625.0,20.25518341307815,31.2
24,2023-01-01,Durham,0.0,0.0,0,0.0,0.0,0,0.0,0.0,0,0.0,0.0,0,0,1,0,0,1885,Large,0.0,0.0,0.0,0.0,0.0,0.0,0.0,0.0,4.346043460434604,18.3,63.2,1.0,23.0,12.799999999999997,104464.0,58.28437132784959,47.6
25,2023-01-01,Eagle Point,3.347732181425486,3.347732181425486,11392279,0.0,0.0,0,0.32397408207343414,0.9719222462203024,2679715,0.0,0.0,0,0,0,0,1,9260,Control,8.963282937365012,0.2159827213822894,0.1079913606911447,0.0,7.019438444924406,0.1079913606911447,0.0,0.0,1.0363373999737635,29.2,85.6,1.5,10.1,2.800000000000006,70332.0,29.024045261669023,16.9
26,2023-01-01,Estacada,15.838926174496644,15.838926174496644,23589532,0.0,0.0,0,0.0,0.0,0,0.0,0.0,0,0,0,0,1,3725,Control,61.47651006711409,0.0,0.0,0.0,33.557046979865774,0.0,0.0,0.0,4.04965404965405,26.3,93.0,0.1,0.8,6.1000000000000005,85854.0,12.928759894459104,16.0
27,2023-01-01,Florence,1.92090395480226,1.92090395480226,4808904,0.0,0.0,0,0.0,0.0,0,0.4519774011299435,2.7118644067796613,6641037,0,0,0,1,8850,Control,3.615819209039548,0.0,0.0,0.0,6.327683615819209,0.0,0.0,0.0,0.5053488219465774,14.0,88.6,1.6,5.1,4.700000000000006,68076.0,34.74075694596368,25.1
28,2023-01-01,Forest Grove,2.3034154090548054,2.3034154090548054,24567223,0.07942811755361398,0.15885623510722796,1024534,0.0,0.0,0,0.0,0.0,0,0,1,0,0,25180,Large,5.281969817315329,0.3574265289912629,0.0,0.5162827640984908,3.534551231135822,0.0,0.0,0.0,2.1296734500709893,23.8,63.4,1.0,29.4,6.200000000000003,101408.0,37.756783477974295,33.4
29,2023-01-01,Gearhart,5.901639344262295,5.901639344262295,8292926,0.0,0.0,0,0.6557377049180328,2.6229508196721314,969718,0.0,0.0,0,0,0,0,1,1525,Control,18.36065573770492,0.6557377049180328,0.0,0.0,18.36065573770492,0.6557377049180328,0.0,0.0,0.4550625711035267,21.8,87.7,0.1,7.1,5.099999999999998,117566.0,14.035087719298245,43.3
30,2023-01-01,Happy Valley,9.493087557603687,9.493087557603687,81312509,0.0,0.0,0,0.0,0.0,0,0.0,0.0,0,0,1,0,0,21700,Large,17.557603686635947,0.0,0.0,0.0,20.414746543778804,0.0,0.0,0.1382488479262673,5.98896769109535,27.5,65.0,0.9,6.1,28.0,139850.0,16.642120765832107,48.6
31,2023-01-01,Harrisburg,0.0,0.0,0,0.0,0.0,0,0.0,0.0,0,0.2717391304347826,1.358695652173913,725000,0,0,0,1,3680,Control,1.6304347826086956,0.0,0.0,0.2717391304347826,1.0869565217391304,0.0,0.0,0.5434782608695652,0.35842293906810035,31.2,86.0,0.2,7.8,6.000000000000001,59792.0,24.075531077891423,10.8
32,2023-01-01,Hermiston,3.746945424925333,3.746945424925333,17536677,0.21721422753190334,0.4344284550638067,1684689,0.0,0.0,0,0.0,0.0,0,1,0,0,0,18415,Medium,6.13630192777627,0.0,0.0,0.0,4.778713005701873,0.0,0.0,0.0,1.0717475439118784,29.7,41.5,1.3,52.2,5.0,76327.0,38.772706457029464,16.5
33,2023-01-01,Hood River,1.2040939193257074,1.2040939193257074,2365992,0.12040939193257075,0.2408187838651415,949768,0.0,0.0,0,0.0,0.0,0,0,0,0,1,8305,Control,2.408187838651415,0.2408187838651415,0.0,0.0,3.0102347983142685,0.6020469596628537,0.0,0.0,1.7409470752089136,22.2,66.8,1.5,24.2,7.5000000000000036,97589.0,47.69230769230769,42.9
34,2023-01-01,Independence,2.833158447009444,2.833158447009444,7162223,0.41972717733473247,0.8394543546694649,2419319,0.0,0.0,0,0.0,0.0,0,0,0,0,1,9530,Control,6.8205666316894025,0.0,0.0,0.0,6.190975865687304,0.0,0.0,0.0,1.2015503875968991,25.6,55.7,0.6,38.2,5.499999999999993,75924.0,40.691489361702125,20.8
35,2023-01-01,Irrigon,4.433497536945813,4.433497536945813,1827876,1.4778325123152711,2.9556650246305423,972210,0.0,0.0,0,0.0,0.0,0,0,0,0,1,2030,Control,5.9113300492610845,0.4926108374384237,0.0,0.0,0.9852216748768474,0.0,0.0,0.0,1.248097412480974,27.7,56.7,1.1,36.0,6.199999999999996,71875.0,22.37237237237237,7.4
36,2023-01-01,Jacksonville,2.6533996683250414,2.6533996683250414,2462820,0.0,0.0,0,0.0,0.0,0,0.0,0.0,0,0,0,0,1,3015,Control,2.6533996683250414,0.0,0.0,0.0,0.0,0.0,0.0,0.0,0.9176142030720128,9.9,93.8,0.2,4.4,1.6000000000000023,116250.0,37.691794529686454,43.1
37,2023-01-01,Junction City,15.721231766612641,15.721231766612641,37448595,1.2965964343598055,2.593192868719611,3151512,0.0,0.0,0,0.0,0.0,0,0,0,0,1,6170,Control,0.3241491085899514,0.1620745542949757,0.0,0.0,0.3241491085899514,1.4586709886547813,0.0,2.593192868719611,1.5142214037241661,20.4,82.6,0.0,11.8,5.600000000000005,87880.0,40.76479076479077,19.0
38,2023-01-01,Keizer,0.4924831518921721,0.4924831518921721,3961898,0.38880248833592534,0.7776049766718507,7594703,0.05184033177812338,0.18144116122343185,1726434,0.18144116122343185,1.944012441679627,11577229,0,1,0,0,38580,Large,0.6480041472265423,0.07776049766718507,0.0,0.07776049766718507,0.673924313115604,0.0,0.0,0.07776049766718507,0.6107009388387568,24.9,67.6,0.8,24.3,7.300000000000004,89069.0,36.76460176991151,25.8
39,2023-01-01,King City,0.0,0.0,0,0.0,0.0,0,0.0,0.0,0,0.0,0.0,0,0,1,1,0,4190,Large,0.0,0.0,0.0,0.0,0.0,0.0,0.0,0.0,3.834492598537542,11.9,79.8,2.9,8.1,9.200000000000005,94536.0,21.476261127596437,34.7
40,2023-01-01,La Grande,1.2039127163280663,1.2039127163280663,4142053,0.1504890895410083,0.3009781790820166,1033744,0.0,0.0,0,0.0,0.0,0,1,0,0,0,13290,Medium,1.9563581640331078,0.0,0.0,0.8276899924755455,1.1286681715575622,0.3009781790820166,0.0,0.0,0.16545755377370497,22.9,84.7,1.0,6.3,7.999999999999997,65928.0,46.84770224078997,22.9
41,2023-01-01,Lafayette,4.606060606060606,4.606060606060606,5866671,0.0,0.0,0,0.0,0.0,0,0.0,0.0,0,0,0,0,1,4125,Control,3.1515151515151514,0.0,0.0,0.0,0.48484848484848486,0.48484848484848486,0.0,0.0,1.1437908496732025,24.7,67.5,0.0,26.6,5.899999999999999,95292.0,11.11111111111111,18.1
42,2023-01-01,Lake Oswego,0.5368784353828454,0.5368784353828454,15207971,0.0,0.0,0,0.07669691934040648,0.30678767736162593,2677628,0.0,0.0,0,0,1,0,0,39115,Large,1.2015850696663684,0.0,0.0,0.0,1.6362009459286717,0.0,0.0,0.0,0.7573481890093485,22.7,78.3,1.1,4.8,15.8,166154.0,29.89368730854706,73.0
43,2023-01-01,Lakeside,0.0,0.0,0,0.0,0.0,0,0.0,0.0,0,0.0,0.0,0,0,0,0,1,1750,Control,1.1428571428571428,0.0,0.0,0.0,2.857142857142857,0.0,0.0,0.0,0.3605375286791216,11.9,88.8,0.0,2.8,8.400000000000002,70962.0,18.833535844471445,12.3
44,2023-01-01,Lebanon,2.042602859644003,2.042602859644003,9676506,0.9921213889699445,1.984242777939889,8385318,0.05836008170411438,0.17508024511234313,276462,0.11672016340822876,1.1672016340822875,2508681,1,0,0,0,17135,Medium,3.1514444120221765,0.35016049022468626,0.0,0.7003209804493725,1.8091625328275458,0.758681062153487,0.17508024511234313,0.9337613072658301,1.1522633744855968,21.4,84.3,0.1,9.6,6.0000000000000036,61770.0,47.34513274336283,20.2
45,2023-01-01,Lincoln City,5.79874928936896,5.79874928936896,18194760,0.2274019329164298,0.4548038658328596,773763,0.0,0.0,0,0.1137009664582149,1.023308698123934,828899,0,0,0,1,8795,Control,6.02615122228539,0.0,0.0,0.0,4.206935758953951,0.1137009664582149,0.0,0.34110289937464466,1.2042288034726598,16.3,78.6,0.2,10.1,11.100000000000007,67448.0,40.10720111862037,28.1
46,2023-01-01,Lowell,11.926605504587155,11.926605504587155,3632367,0.0,0.0,0,0.0,0.0,0,0.0,0.0,0,0,0,0,1,1090,Control,13.761467889908255,0.0,0.0,0.0,3.6697247706422016,0.0,0.0,0.0,0.4784688995215311,20.1,93.6,0.0,2.0,4.400000000000006,78750.0,26.86868686868687,15.5
47,2023-01-01,Lyons,3.3333333333333335,3.3333333333333335,441972,0.0,0.0,0,0.0,0.0,0,0.0,0.0,0,0,0,0,1,1200,Control,2.5,0.0,0.0,0.0,1.6666666666666667,0.0,0.0,0.0,0.3831417624521073,15.4,89.4,0.1,4.0,6.499999999999995,103625.0,13.976377952755906,15.7
48,2023-01-01,McMinnville,3.919834954317713,3.919834954317713,45805554,0.0,0.0,0,0.0,0.0,0,0.0,0.0,0,0,1,0,0,33930,Large,4.21455938697318,0.0,0.0,0.0,4.12614205717654,0.29472443265546716,0.0,0.0,0.5824372759856631,22.2,72.1,0.4,18.5,9.000000000000007,85955.0,38.45736013036393,26.7
49,2023-01-01,Medford,3.9526176885779165,3.9526176885779165,101839701,0.049100840851899585,0.09820168170379917,1185950,0.03682563063892469,0.14730252255569876,1324370,0.46645798809304606,5.9657521635058,82302483,0,1,0,0,81465,Large,3.903516847726017,0.08592647149082427,0.0,0.049100840851899585,3.2529307064383475,0.024550420425949793,0.0,0.024550420425949793,0.9609970066091699,22.6,74.8,0.9,16.6,7.700000000000003,80396.0,45.27207196647816,28.4
50,2023-01-01,Mill City,2.6595744680851063,2.6595744680851063,1428625,0.0,0.0,0,0.0,0.0,0,0.0,0.0,0,0,0,0,1,1880,Control,3.7234042553191493,0.0,0.0,0.0,1.595744680851064,0.0,0.0,0.0,0.1497454327643007,29.2,81.0,1.0,5.1,12.9,76295.0,25.963149078726968,10.2
51,2023-01-01,Millersburg,13.384321223709367,13.384321223709367,10425232,0.0,0.0,0,0.0,0.0,0,0.0,0.0,0,0,0,0,1,2615,Control,13.0019120458891,0.0,0.0,0.0,35.56405353728489,0.0,0.0,0.0,10.491532424617926,28.6,89.8,0.9,4.0,5.3000000000000025,131513.0,4.627006610009443,30.9
52,2023-01-01,Milwaukie,0.9252495738982225,0.9252495738982225,3411966,0.09739469198928659,0.19478938397857318,80000,0.0,0.0,0,0.0,0.0,0,0,1,0,0,20535,Large,1.8018018018018018,0.0,0.0,0.2921840759678597,1.8991964937910883,0.0,0.0,0.0,0.13416570834017852,18.1,78.2,1.2,10.1,10.499999999999998,102839.0,41.417187163471894,38.3
53,2023-01-01,Monmouth,3.2258064516129035,3.2258064516129035,8678160,0.10080645161290323,0.20161290322580647,500000,0.0,0.0,0,0.0,0.0,0,0,0,0,1,9920,Control,5.040322580645161,0.10080645161290323,0.0,0.0,0.8064516129032259,0.10080645161290323,0.0,0.10080645161290323,0.4365287235900122,21.8,72.5,0.6,17.7,9.2,77933.0,56.04886769964243,29.1
54,2023-01-01,Newberg,4.158868787689748,4.158868787689748,28472042,0.0,0.0,0,0.0,0.0,0,0.041588687876897484,0.24953212726138488,717288,1,0,0,0,24045,Medium,4.782699105843211,0.5822416302765647,0.0,0.08317737575379497,2.4121438968600537,0.041588687876897484,0.0,0.0,0.9724106739032112,22.6,73.5,0.8,16.4,9.3,104399.0,36.60152008686211,38.2
55,2023-01-01,Newport,3.4030140982012638,3.4030140982012638,8586173,0.09722897423432182,0.19445794846864364,100000,0.0,0.0,0,0.09722897423432182,0.583373845405931,1100000,1,0,0,0,10285,Medium,0.7778317938745746,0.2916869227029655,0.0,0.0,0.9722897423432183,0.2916869227029655,0.0,0.48614487117160915,0.2824858757062147,16.4,76.4,0.5,16.0,7.099999999999994,78505.0,38.45308723357504,30.2
56,2023-01-01,North Bend,1.0075566750629723,1.0075566750629723,2305768,0.20151133501259444,0.4030226700251889,862110,0.0,0.0,0,0.0,0.0,0,0,0,0,1,9925,Control,2.2166246851385387,0.0,0.0,0.0,2.0151133501259446,0.0,0.0,0.0,0.2635952094435849,19.1,78.2,1.1,7.2,13.499999999999996,90192.0,40.86895910780669,27.8
57,2023-01-01,Oakridge,3.328290468986384,3.328290468986384,2083139,0.0,0.0,0,0.0,0.0,0,0.0,0.0,0,0,0,0,1,3305,Control,2.723146747352496,0.0,0.0,0.0,1.8154311649016641,0.0,0.0,0.0,0.34668053388802217,21.4,94.0,0.0,3.5,2.5,46602.0,35.543403964456594,13.4
58,2023-01-01,Ontario,0.957771005659556,0.957771005659556,3048593,0.0,0.0,0,0.0,0.0,0,0.0,0.0,0,1,0,0,0,11485,Medium,1.1319111885067479,0.0,0.0,0.0,0.261210274270788,0.0,0.0,0.0,0.1173192550227306,26.3,49.5,0.2,46.9,3.3999999999999986,56795.0,47.46376811594203,16.7
59,2023-01-01,Oregon City,2.2771998875456845,2.2771998875456845,21112529,0.0,0.0,0,0.028113578858588697,0.11245431543435479,522547,0.11245431543435479,6.438009558616812,37869000,0,1,0,0,35570,Large,1.4337925217880236,0.0,0.0843407365757661,0.0,2.417767781838628,0.0,0.0,0.0,1.2415134309180254,21.9,87.7,0.6,4.9,6.799999999999997,106291.0,34.71960585422403,30.2
60,2023-01-01,Pendleton,1.1163337250293772,1.1163337250293772,5876520,0.05875440658049354,0.11750881316098707,470185,0.0,0.0,0,0.0,0.0,0,1,0,0,0,17020,Medium,2.1739130434782608,0.05875440658049354,0.0,0.4112808460634548,1.2338425381903644,0.17626321974148063,0.0,0.17626321974148063,0.277694134966041,24.1,78.6,1.3,11.9,8.200000000000005,83052.0,45.47899159663866,22.6
61,2023-01-01,Philomath,4.693877551020408,4.693877551020408,7511518,0.2040816326530612,0.4081632653061224,396993,0.0,0.0,0,0.0,0.0,0,0,0,0,1,4900,Control,6.326530612244897,0.0,0.2040816326530612,0.0,21.020408163265305,0.0,0.2040816326530612,0.0,0.7504236262406198,18.1,88.5,0.0,3.7,7.8,89730.0,32.53863134657836,43.6
62,2023-01-01,Phoenix,9.677419354838708,9.677419354838708,7116750,0.0,0.0,0,0.8602150537634408,2.5806451612903225,768000,1.9354838709677418,9.677419354838708,5083866,0,0,0,1,4650,Control,3.6559139784946235,0.0,0.0,0.0,4.946236559139785,0.0,0.0,0.0,0.2692119432207538,11.1,79.4,0.9,10.4,9.299999999999995,60291.0,33.10526315789474,27.1
63,2023-01-01,Redmond,9.869281045751633,9.869281045751633,92294201,0.19607843137254902,0.39215686274509803,3584929,0.0,0.0,0,0.19607843137254902,3.1372549019607843,20757570,0,1,0,0,30600,Large,14.967320261437909,0.5882352941176471,0.19607843137254902,0.45751633986928103,18.00653594771242,0.032679738562091505,0.13071895424836602,0.32679738562091504,1.8536172015676307,22.8,82.3,0.1,13.4,4.200000000000001,82526.0,35.76199616122841,24.8
64,2023-01-01,Reedsport,1.4234875444839858,1.4234875444839858,683094,0.0,0.0,0,0.0,0.0,0,0.0,0.0,0,0,0,0,1,4215,Control,1.1862396204033214,0.0,0.0,0.0,0.7117437722419929,0.0,0.0,0.0,0.17402945113788487,19.6,92.1,0.1,2.8,5.000000000000006,60156.0,33.90535621424857,10.7
65,2023-01-01,Rogue River,3.131991051454139,3.131991051454139,1873788,0.0,0.0,0,0.0,0.0,0,0.0,0.0,0,0,0,0,1,2235,Control,2.684563758389262,0.0,0.0,0.0,0.894854586129754,0.0,0.0,0.0,0.5204267499349466,17.3,84.4,0.0,6.0,9.599999999999994,65284.0,43.0722891566265,16.7
66,2023-01-01,Sandy,1.6252821670428894,1.6252821670428894,7356956,0.4514672686230249,0.9029345372460498,2718452,0.0,0.0,0,0.0,0.0,0,1,0,0,0,11075,Medium,5.327313769751694,0.09029345372460497,0.0,0.5417607223476298,7.313769751693003,0.18058690744920994,0.0,0.0,1.6341561654870822,23.3,84.5,0.1,6.2,9.2,107654.0,23.34169136083884,21.8
67,2023-01-01,Scappoose,1.237964236588721,1.237964236588721,2927245,0.0,0.0,0,0.0,0.0,0,0.0,0.0,0,0,0,0,1,7270,Control,0.4126547455295736,0.27510316368638243,0.0,0.27510316368638243,2.2008253094910595,0.0,0.27510316368638243,0.0,1.0725657784481313,24.8,87.0,0.1,6.6,6.300000000000001,106184.0,21.845318860244234,22.7
68,2023-01-01,Seaside,2.126044039483675,2.126044039483675,5554468,0.0,0.0,0,0.0,0.0,0,0.0,0.0,0,0,0,0,1,6585,Control,5.770690964312832,0.0,0.0,0.0,4.25208807896735,0.0,0.30372057706909644,0.0,0.2149982800137599,14.1,87.7,2.6,8.2,1.4999999999999982,77634.0,54.25,25.1
69,2023-01-01,Sherwood,3.4192396019392706,3.4192396019392706,30746620,0.05103342689461598,0.10206685378923196,524374,0.10206685378923196,0.4082674151569278,1959613,0.0,0.0,0,0,1,0,0,19595,Large,1.0717019647869355,0.0,0.0,0.0,1.8372033682061752,0.0,0.0,0.0,0.8483627818975251,28.9,80.6,0.0,7.2,12.200000000000006,126723.0,25.845658222287305,49.6
70,2023-01-01,Siletz,0.0,0.0,0,0.0,0.0,0,0.0,0.0,0,0.0,0.0,0,0,0,0,1,1235,Control,0.8097165991902834,0.0,0.0,0.0,0.0,0.0,0.0,0.0,0.2295684113865932,18.3,70.6,0.0,5.6,23.800000000000004,92000.0,19.700748129675812,14.8
71,2023-01-01,Silverton,1.0597302504816954,1.0597302504816954,3187159,0.19267822736030826,0.3853564547206165,1153406,0.0,0.0,0,0.0,0.0,0,1,0,0,0,10380,Medium,2.5048169556840074,0.0,0.0,0.0,5.684007707129094,0.0,0.09633911368015413,0.0,1.3843746238112435,27.8,77.8,3.4,12.0,6.800000000000004,89433.0,39.889994761655316,28.4
72,2023-01-01,Sisters,0.0,0.0,0,0.0,0.0,0,0.0,0.0,0,0.0,0.0,0,0,0,0,1,2985,Control,0.0,0.0,0.0,0.0,0.0,0.0,0.0,0.0,5.147058823529412,17.7,90.6,0.0,4.1,5.300000000000006,98726.0,22.263588979895754,42.9
73,2023-01-01,Springfield,3.357509575421726,3.357509575421726,60148870,0.03259718034390025,0.0651943606878005,544626,0.0,0.0,0,0.0,0.0,0,0,1,0,0,61355,Large,3.7975715100643797,0.04889577051585038,0.0,0.016298590171950126,1.4668731154755115,0.016298590171950126,0.016298590171950126,0.19558308206340153,0.36086570373486654,21.2,76.1,0.8,13.6,9.500000000000005,67580.0,46.04816486281401,20.7
74,2023-01-01,St. Helens,0.2982848620432513,0.2982848620432513,1268375,0.0,0.0,0,0.0,0.0,0,0.0,0.0,0,1,0,0,0,13410,Medium,9.097688292319164,0.0,0.0,0.0,6.114839671886652,0.0,0.0,0.22371364653243847,0.4348013259287959,22.7,80.6,0.4,10.4,8.600000000000007,84753.0,35.8662026295437,14.8
75,2023-01-01,Stayton,0.6353240152477764,0.6353240152477764,1236503,1.1435832274459974,2.2871664548919948,3542219,0.12706480304955528,0.5082592121982211,538742,1.1435832274459974,12.198221092757306,11462989,0,0,0,1,7870,Control,6.353240152477763,0.0,0.0,0.0,1.5247776365946633,0.0,0.0,0.0,0.3270111183780249,26.7,75.4,0.0,16.9,7.699999999999996,82895.0,37.89983844911147,22.3
76,2023-01-01,Sweet Home,0.7494646680942184,0.7494646680942184,1675406,0.6423982869379015,1.284796573875803,2209615,0.0,0.0,0,0.0,0.0,0,0,0,0,1,9340,Control,2.9978586723768736,0.0,0.0,0.9635974304068523,2.355460385438972,0.0,0.0,0.4282655246252677,0.49065275448729895,21.1,87.1,1.5,6.5,4.900000000000006,60028.0,35.21162672106068,8.8
77,2023-01-01,Talent,5.104408352668213,5.104408352668213,8264786,0.30935808197989173,0.6187161639597835,851098,0.15467904098994587,0.6187161639597835,515207,0.0,0.0,0,0,0,0,1,6465,Control,4.640371229698376,0.0,0.0,0.15467904098994587,4.176334106728539,0.0,0.0,0.9280742459396752,0.7230459454512173,19.0,75.3,0.0,14.9,9.800000000000002,79157.0,45.938173975557156,44.9
78,2023-01-01,Tangent,0.0,0.0,0,0.0,0.0,0,0.0,0.0,0,0.0,0.0,0,0,0,0,1,1260,Control,0.0,0.0,0.0,0.0,0.0,0.0,0.0,0.0,0.9060562708631378,19.9,84.1,0.0,12.5,3.4000000000000057,88393.0,29.525862068965516,23.2
79,2023-01-01,Tigard,5.781103835360149,5.781103835360149,122485741,0.0,0.0,0,0.0,0.0,0,0.07483629560336763,5.088868101028999,50878093,0,1,0,0,53450,Large,3.9850327408793262,0.0,0.0,0.037418147801683815,2.5070159027128156,0.0,0.0,0.07483629560336763,1.238418705667614,20.2,70.4,1.2,11.8,16.599999999999994,125216.0,37.84180992250824,47.9
80,2023-01-01,Toledo,1.4326647564469912,1.4326647564469912,1242750,0.0,0.0,0,0.0,0.0,0,0.0,0.0,0,0,0,0,1,3490,Control,1.146131805157593,0.0,0.0,0.0,0.8595988538681948,0.0,0.0,0.0,0.06404098623118797,23.0,80.1,0.0,13.0,6.900000000000006,75541.0,48.19672131147541,28.4
81,2023-01-01,Troutdale,0.9885696632684585,0.9885696632684585,5412944,0.0,0.0,0,0.0,0.0,0,0.0,0.0,0,0,1,0,0,16185,Large,3.5835650293481622,0.0,0.0,0.0,0.5560704355885079,0.0,0.0,0.0,0.14253928521763315,28.1,69.3,1.8,16.6,12.3,94671.0,30.892240596038523,24.2
82,2023-01-01,Tualatin,2.61654689515386,2.61654689515386,28478388,0.0,0.0,0,0.0,0.0,0,0.07370554634236226,4.274921687857011,15079905,0,1,1,0,27135,Large,0.14741109268472452,0.0,0.0,0.18426386585590565,0.0,0.0,0.0,0.0,0.45834399249594954,22.6,66.0,1.0,21.0,12.0,124238.0,44.94454120451004,45.8
83,2023-01-01,Umatilla,12.449799196787149,12.449799196787149,31915686,0.0,0.0,0,0.0,0.0,0,0.0,0.0,0,0,0,0,1,7470,Control,8.032128514056225,0.0,0.0,0.0,9.63855421686747,0.0,0.0,0.0,0.9091640518143053,19.8,56.8,1.4,36.6,5.200000000000003,71174.0,31.100244498777506,12.3
84,2023-01-01,Veneta,1.875,1.875,3542554,0.20833333333333334,0.4166666666666667,448434,0.0,0.0,0,0.0,0.0,0,0,0,0,1,4800,Control,0.8333333333333334,0.0,0.0,0.0,2.0833333333333335,0.0,0.0,0.0,0.5719849093343069,23.6,75.6,0.0,9.9,14.500000000000005,61979.0,19.98179335457442,17.3
85,2023-01-01,Vernonia,0.0,0.0,0,0.0,0.0,0,0.0,0.0,0,0.0,0.0,0,0,0,0,1,2095,Control,4.77326968973747,0.0,0.0,0.0,6.20525059665871,0.0,0.0,0.0,-0.30935808197989173,22.1,90.4,0.0,5.6,3.9999999999999947,88750.0,22.3463687150838,13.0
86,2023-01-01,Waldport,2.3696682464454977,2.3696682464454977,1573472,0.0,0.0,0,0.0,0.0,0,0.0,0.0,0,0,0,0,1,2110,Control,4.265402843601896,0.0,0.0,0.0,1.8957345971563981,0.0,0.0,0.0,0.4095004095004095,8.3,87.6,0.0,6.1,6.300000000000006,59913.0,32.514177693761816,21.6
87,2023-01-01,Warrenton,1.1278195488721805,1.1278195488721805,1302321,0.7518796992481203,1.5037593984962405,1454352,0.18796992481203006,0.5639097744360902,1030000,0.5639097744360902,6.015037593984962,2853040,0,0,0,1,5320,Control,0.7518796992481203,0.0,0.0,0.0,3.9473684210526314,1.3157894736842104,0.0,0.0,0.7111111111111111,23.3,77.9,0.6,8.8,12.699999999999992,78714.0,38.00675675675676,19.2
88,2023-01-01,West Linn,0.6176413819725921,0.6176413819725921,9443081,0.0,0.0,0,0.0,0.0,0,0.0,0.0,0,0,1,0,0,25905,Large,1.4282956958116193,0.0,0.0,0.0,0.8492569002123141,0.0,0.0,0.0,0.3335542301745085,25.0,81.1,0.8,7.9,10.200000000000005,159344.0,16.636690647482013,63.1
89,2023-01-01,Wilsonville,4.486054222742344,4.486054222742344,40960440,0.0,0.0,0,0.0,0.0,0,0.0,0.0,0,0,1,1,0,25635,Large,4.564072557050907,0.0,0.0,0.0,3.1987517066510627,0.0,0.0,0.0,3.4770237587138997,18.4,71.8,1.8,14.2,12.200000000000003,112848.0,49.36875824382891,46.2
90,2023-01-01,Wood Village,0.0,0.0,0,0.0,0.0,0,0.0,0.0,0,0.0,0.0,0,0,1,0,0,4060,Large,0.24630541871921185,0.0,0.0,0.0,0.4926108374384237,0.0,0.0,1.9704433497536948,0.5304659498207885,31.1,37.9,0.7,49.3,12.100000000000001,69375.0,35.32889874353289,15.7
91,2023-01-01,Woodburn,3.1828128108215634,3.1828128108215634,24930924,0.0,0.0,0,0.0,0.0,0,1.1537696439228167,15.158146011537696,57160703,0,1,0,0,25135,Large,10.383926795305351,0.0,0.0,0.6763477222995822,3.6602347324447977,0.0,0.0,0.0,0.48439554356099923,26.1,34.2,0.5,61.2,4.099999999999994,71098.0,33.92917750876796,15.1
